[
  {
    "id": "36bb7502-3bbc-4fe1-bd8d-d5f9780ae757",
    "data": [
      {
        "text": "order me a ice cream ",
        "userDefined": false
      },
      {
        "text": "here",
        "meta": "@sys.address",
        "alias": "address",
        "userDefined": true
      }
    ],
    "isTemplate": false,
    "count": 0,
    "lang": "en",
    "updated": 0
  },
  {
    "id": "a0026923-e180-4a6c-bdee-929e56467207",
    "data": [
      {
        "text": "Could you order me a ice cream to the mail id of ",
        "userDefined": false
      },
      {
        "text": "pavanvamsi1507@gmail.com",
        "meta": "@sys.email",
        "alias": "email",
        "userDefined": true
      }
    ],
    "isTemplate": false,
    "count": 0,
    "lang": "en",
    "updated": 0
  },
  {
    "id": "113fff49-a90c-4e0e-a7c4-9b216a0a056c",
    "data": [
      {
        "text": "Please order me a ice cream",
        "userDefined": false
      }
    ],
    "isTemplate": false,
    "count": 0,
    "lang": "en",
    "updated": 0
  },
  {
    "id": "b930219b-a226-45d0-80ac-e6608181de18",
    "data": [
      {
        "text": "Order me a ice cream",
        "userDefined": false
      }
    ],
    "isTemplate": false,
    "count": 0,
    "lang": "en",
    "updated": 0
  }
]